{"cameraMode":{"drawMode":0,"name":"Shaded","section":"Shading Mode"},"sceneLighting":false,"audioPlay":false,"sceneViewState":{"m_AlwaysRefresh":false,"showFog":true,"showSkybox":false,"showFlares":true,"showImageEffects":true,"showParticleSystems":true,"showVisualEffectGraphs":true,"m_FxEnabled":true},"in2DMode":false,"pivot":{"x":0.15703421831130982,"y":0.20105154812335969,"z":-0.1559075117111206},"rotation":{"x":-0.23279684782028199,"y":0.7225443720817566,"z":-0.28817570209503176,"w":-0.5836983323097229},"size":0.5558589696884155,"orthographic":false}