{"cameraMode":{"drawMode":0,"name":"Shaded","section":"Shading Mode"},"sceneLighting":false,"audioPlay":false,"sceneViewState":{"m_AlwaysRefresh":false,"showFog":true,"showSkybox":true,"showFlares":true,"showImageEffects":true,"showParticleSystems":true,"showVisualEffectGraphs":true,"m_FxEnabled":true},"in2DMode":false,"pivot":{"x":-0.003112494945526123,"y":3.395928144454956,"z":-0.015442490577697754},"rotation":{"x":-0.30256810784339907,"y":0.09586264193058014,"z":-0.03059152513742447,"w":-0.9478151798248291},"size":0.23322051763534547,"orthographic":false}