{"cameraMode":{"drawMode":0,"name":"Shaded","section":"Shading Mode"},"sceneLighting":false,"audioPlay":false,"sceneViewState":{"m_AlwaysRefresh":false,"showFog":true,"showSkybox":true,"showFlares":true,"showImageEffects":true,"showParticleSystems":true,"showVisualEffectGraphs":true,"m_FxEnabled":true},"in2DMode":false,"pivot":{"x":21.448009490966798,"y":42.092689514160159,"z":74.55120849609375},"rotation":{"x":-0.13400375843048097,"y":-0.1132989451289177,"z":0.015422739088535309,"w":-0.9843682050704956},"size":152.54212951660157,"orthographic":false}