{"cameraMode":{"drawMode":0,"name":"Shaded","section":"Shading Mode"},"sceneLighting":false,"audioPlay":false,"sceneViewState":{"m_AlwaysRefresh":false,"showFog":true,"showSkybox":true,"showFlares":true,"showImageEffects":true,"showParticleSystems":true,"showVisualEffectGraphs":true,"m_FxEnabled":true},"in2DMode":false,"pivot":{"x":-4.127626895904541,"y":-44.035499572753909,"z":395.37664794921877},"rotation":{"x":0.32032498717308047,"y":0.05793321877717972,"z":-0.01961740478873253,"w":0.945351243019104},"size":143.05210876464845,"orthographic":false}