{"cameraMode":{"drawMode":0,"name":"Shaded","section":"Shading Mode"},"sceneLighting":false,"audioPlay":false,"sceneViewState":{"m_AlwaysRefresh":false,"showFog":true,"showSkybox":false,"showFlares":true,"showImageEffects":true,"showParticleSystems":true,"showVisualEffectGraphs":true,"m_FxEnabled":true},"in2DMode":false,"pivot":{"x":-0.6326075792312622,"y":0.035883862525224689,"z":0.21735775470733643},"rotation":{"x":0.06332707405090332,"y":0.6205071806907654,"z":0.050364479422569278,"w":-0.7800353765487671},"size":0.6667794585227966,"orthographic":false}